word,frequency
to,187
that,68
is,58
as,53
on,52
China,51
with,49
US,47
trade,47
Chinese,44
The,37
for,35
it,33
has,31
are,31
Trump,28
have,28
not,28
its,27
from,25
war,23
would,22
be,20
at,20
China’s,19
an,19
which,18
by,17
this,16
said,16
tariffs,16
U.S.,16
up,16
also,15
will,15
more,15
against,14
about,14
American,14
last,13
Beijing,13
was,13
been,12
they,12
economic,11
see,11
President,10
but,10
In,10
he,10
political,10
I,10
deal,10
new,10
if,10
out,9
billion,9
so,9
all,9
administration,9
"China,",9
could,9
we,8
Pence,8
Soviet,8
most,8
who,8
had,8
than,8
his,8
China.,8
America,8
can,8
United,8
global,7
their,7
economy,7
Global,7
America’s,7
how,7
2018,7
over,7
Beijing’s,7
Canada,7
other,7
Russia,7
(link,7
between,7
one,7
two,7
Times,7
long,7
going,7
or,7
while,7
because,6
But,6
itself,6
Mike,6
cent,6
stock,6
even,6
per,6
enemy,6
willing,6
make,6
cosmopolitan,6
do,6
This,6
including,6
just,6
Russian,6
my,6
then,6
foreign,6
countries,6
any,6
first,6
Union,5
much,5
become,5
Zhong,5
Trade,5
domestic,5
conflict,5
SALAM,5
world,5
As,5
Pompeo,5
state,5
recent,5
"US,",5
into,5
wrote,5
goods,5
after,5
there,5
talks,5
conservatives,5
nationalist,5
Donald,5
speech,5
no,5
such,5
common,5
And,5
another,5
Putin,5
might,5
further,5
efforts,5
midterm,5
should,5
pressure,5
REIHAN,5
cannot,4
Mexico,4
people,4
relationship,4
know,4
demands,4
central,4
technology,4
summit,4
part,4
Foreign,4
president,4
commitment,4
point,4
State,4
far,4
each,4
our,4
“I,4
"""We",4
early,4
show,4
democracies,4
were,4
those,4
strategy,4
business,4
country,4
advantage,4
talking,4
now,4
NAFTA,4
public,4
A,4
want,4
States,4
himself,4
Chinese),4
“The,4
tariff,4
"tariffs,",4
wants,4
change,4
line,4
Trump’s,4
take,4
when,4
agreement,4
difficult,4
next,4
question,4
"trade,",4
put,4
different,4
threat,4
market,4
whether,4
Wang,4
"year,",4
both,4
Secretary,4
It,4
some,4
US.,4
That,4
Minister,4
user,4
contain,4
European,4
Japan,4
rising,4
free,4
act,3
editorial,3
told,3
chief,3
still,3
orienting,3
seen,3
oil,3
If,3
people.,3
war.,3
power,3
many,3
Hudson,3
campaign,3
"time,",3
did,3
world’s,3
must,3
intellectual,3
back,3
accusations,3
Americans,3
Washington,3
chiefs,3
exchange,3
greater,3
imports.,3
influence,3
tensions,3
grand,3
cold,3
better,3
"9,",3
freedom,3
markets,3
time,3
national,3
especially,3
based,3
increasing,3
It’s,3
week.,3
"Beijing,",3
Huntington,3
front,3
anytime,3
"war,",3
He,3
Western,3
"Monday,",3
through,3
took,3
clear,3
elections,3
finance,3
seeking,3
officials,3
made,3
state-run,3
Union.,3
attempting,3
always,3
same,3
side,3
pain,3
worried,3
requirement,3
democratic,3
open,3
go,3
party-state,3
South,3
up.,3
potential,3
Chinese).,3
What,3
top,3
outcome,3
manufacturing,3
rights,3
year.,3
why,3
elections.,3
toward,3
"Mexico,",3
identity,3
Cold,3
warned,3
While,3
serves,3
may,3
need,3
liberals,3
transfer,3
creedal,3
so-called,3
defines,3
doesn’t,3
25,3
asked,3
among,3
stance,3
nuts,3
taken,3
Which,2
terms,2
calm,2
liberal,2
One,2
hundreds,2
sacrifice,2
looms,2
defined,2
politics,2
playbook,2
work,2
major,2
years,2
allies,2
won’t,2
"imports,",2
All,2
argument,2
resolve,2
reference,2
there’s,2
On,2
collapse,2
found,2
expensive,2
"Weibo,",2
industrial,2
"again,",2
build,2
"Japan,",2
observers,2
gay,2
around,2
growth.,2
strategic,2
divided,2
election,2
punitive,2
break,2
"part,",2
"Bali,",2
imposed,2
"fact,",2
seems,2
doing,2
"Pence,",2
down.,2
How,2
boost,2
often,2
give,2
needs,2
fell,2
reason,2
forces,2
building,2
like,2
keep,2
life,2
opening,2
soon.,2
protracted,2
integration,2
Robert,2
nation,2
whom,2
current,2
numbers,2
“This,2
relations,2
times,2
address,2
tumble,2
stop,2
Monday,2
deeply,2
threatened,2
shift,2
choose,2
under,2
haven’t,2
interfere,2
ordinary,2
suggest,2
strongest,2
outside,2
"September,",2
administration’s,2
what,2
before,2
suddenly,2
good.,2
Paris,2
cost,2
you,2
whose,2
world.,2
worth,2
elements,2
Companies,2
stands,2
keeps,2
consequences,2
"place,",2
—,2
sees,2
economies,2
deals,2
Pence’s,2
history,2
powers,2
given,2
businesses,2
Thucydides,2
markets.,2
state-owned,2
making,2
goods.,2
"China,""",2
prices,2
using,2
find,2
sides,2
end,2
approach,2
liberalism,2
strong,2
US$50,2
appear,2
messed,2
British,2
set,2
wide-ranging,2
half,2
Agreement,2
reiterated,2
firm,2
government,2
best,2
off,2
never,2
10,2
desperate,2
Beijing.,2
mean,2
likely,2
–,2
authoritarian,2
real,2
stakes,2
very,2
month,2
key,2
day,2
acknowledge,2
said.,2
distract,2
hold,2
challenge,2
opinion,2
exports,2
ways,2
By,2
wars,2
Europe,2
Russiagate,2
senior,2
soon,2
climate,2
Russia’s,2
Yi,2
supposed,2
policies,2
criticism,2
International,2
comment,2
impose,2
Xi,2
themselves,2
Yet,2
spirit,2
understand,2
think,2
fellow,2
warier,2
less,2
elite,2
feel,2
coalition,2
testy,2
"said,",2
progress,2
can’t,2
working,2
yuan,2
environment,2
gave,2
hit,2
defend,2
trying,2
hard,2
2016,2
once,2
ally,2
"""The",2
Against,2
property,2
damage,2
imports,2
three,2
‘non-market-oriented,2
down,2
only,2
help,2
already,2
firms,2
When,2
knows,2
reach,2
undermine,2
highly,2
delivered,2
populist,2
exactly,2
Jinping,2
August.,2
following,2
"week,",2
compared,2
ran,2
support,2
Is,2
Churchill’s,2
anti-China,2
de-escalate,2
instead,2
role,2
Institute,2
"party-state,",2
Vice,2
beyond,2
yet,2
consumers,2
days,2
At,2
imagine,2
response,2
without,2
cohesion,2
upcoming,2
leaders,2
added,2
natural,2
she,2
concerns,2
shape.,2
“China,2
them,2
"Europe,",2
large,2
technologies,2
hurt,2
rise,2
"Korea,",2
enterprises.,2
regimes,2
does,2
year,2
relies,2
unique,2
worrying,2
hostility,2
Trump's,2
(paywall),2
respect,2
"war,”",2
growth,2
come.,2
done,2
"observed,",2
States.,2
thousands,2
welcome,2
him,2
run,2
tariffs.,2
weakened,2
=,2
these,2
For,2
bank,2
50,2
defender,2
move,2
am,2
win,2
invites,2
market….,1
attention,1
‘war,1
diverse,1
long-hailed,1
variable,1
coerce,1
voters.,1
20,1
west,1
devalues,1
rush,1
policy,1
"“vitriolic,",1
"actors,",1
Turn,1
agree,1
site,1
"remarks,",1
painted,1
Better,1
trade.”,1
waging,1
shave,1
Warren,1
AP,1
ministry,1
Lee,1
"high,""",1
meet,1
consequences.,1
$267,1
felt,1
imagination.,1
"whole,",1
contraction.,1
divisive,1
"tumble,",1
Maine,1
Souring,1
embrace,1
stages.,1
feminism.,1
geopolitical,1
us—to,1
“China’s,1
nato,1
ZHONG,1
newspaper,1
second,1
sharing,1
vice,1
"argued,",1
lens:,1
cover,1
allow,1
Defining,1
inevitably,1
acting,1
"Iran,",1
defining,1
People’s,1
"paradigm,""",1
effect,1
more.,1
"themselves,",1
masculinity,1
exploits,1
Iron,1
“Where,1
"actions,""",1
answer,1
finds,1
Hebei,1
percentage,1
xenophobia,1
“every,1
chi,1
enjoyed,1
"power.""",1
Late,1
Small,1
reciprocal,1
"China's,",1
REUTERS/MARIANA,1
denouement,1
school,1
"round,",1
Indonesia,1
Though,1
P.,1
Wilhelmine,1
Curtain”,1
"order,",1
economy‘,1
hand,1
policies”,1
media,1
SCMP,1
HKT),1
presidency,1
stepping,1
come?,1
serve,1
"general,",1
forget,1
online,1
"development,",1
can.,1
media.,1
circle.,1
deteriorating,1
nation.,1
losing,1
disagreements”,1
orbit.,1
implicit,1
"in,",1
used,1
endangers,1
avoid,1
Amanda,1
Week,1
clearer,1
merely,1
Uighur,1
shrewd,1
division,1
launching,1
confirmation,1
credit,1
Governance,1
scientist,1
able,1
surplus,1
eye,1
IMF,1
list,1
succumbed,1
overseas.,1
retrograde.,1
revanchist,1
legitimacy,1
considerable,1
"Americas,",1
signed,1
benchmark,1
statement,1
owed,1
Taiwan,1
worldwide,1
certain,1
defended,1
beginning,1
bunch,1
turning,1
society.,1
standard,1
“And,1
conviction,1
relationship?’,1
forced,1
century.,1
"will,",1
parts,1
ofCHINA’S,1
British-American,1
Representative,1
emphasise,1
own,1
Nixon’s,1
demanding,1
outlets,1
Innovation.,1
responsibility,1
"Culturally,",1
divert,1
Sea,1
coming,1
“Facing,1
system.,1
posed,1
speeches.”,1
money.,1
dismissed,1
likely.,1
slew,1
mantra,1
retaliatory,1
War.,1
chance,1
"contested,",1
appears,1
countries…,1
provide,1
Looks,1
position,1
wars.,1
concern,1
French,1
legitimacy.,1
let,1
cause,1
collusion”,1
"interests,",1
Caixin,1
Joint,1
"elites,",1
plunge,1
aren’t,1
“covert,1
like.,1
chaos,1
“In,1
big,1
drivers,1
indicates,1
slapped,1
Revolutionary,1
business.,1
An,1
jointly,1
layer,1
"Institute,",1
Index,1
reaching,1
Nazi,1
they’d,1
concessions.,1
"Indeed,",1
US$200,1
technological,1
commenters,1
Congress,1
refrain,1
ideological,1
Straits.,1
justified,1
"So,",1
subsidising,1
"by,",1
emphasis,1
“fundamental,1
[World,1
cash,1
Now,1
outcomes,1
gaping,1
ground,1
civil,1
"deal.""",1
advantageous,1
coincide,1
bigger,1
northern,1
scandal,1
Updated,1
halfway,1
interest,1
House,1
(left),1
01:58,1
unrealistic,1
retaliated,1
condemning,1
ambiguous,1
walk,1
slowing,1
opposition,1
elite—a,1
illiberal,1
affects,1
expanding,1
News.,1
old,1
creating,1
"""It",1
U.S.’,1
patents,1
MORE,1
Media,1
attack,1
"Pacific,",1
years—including,1
"adviser,",1
won,1
"depredations,",1
transfixed,1
tech,1
wage,1
redouble,1
“Iron,1
(1837,1
“hostile,1
received,1
cosmopolitan-liberal,1
Consider,1
sourced,1
receptive,1
people.”,1
"Lagarde,",1
poses,1
No.,1
micro-blogging,1
"critics,",1
battlefronts,1
capabilities.,1
demise,1
maintain,1
aware,1
"blood,",1
"NAFTA,",1
managing,1
sharply.,1
approach.,1
"laissez-faire,",1
Capital,1
fair,1
powers.,1
tit-for-tat,1
Putin’s,1
me,1
election.,1
win:,1
War’,1
fourth,1
Party’s,1
solidaristic,1
public’,1
tai,1
blunt,1
Weibo,1
Purchasing,1
crimes.,1
he's,1
imported,1
raised,1
counter,1
marginalizing,1
China&#39;s,1
me—or,1
"indiscreet,",1
shop,1
will.”,1
"answer,",1
"history,",1
"emphasis,",1
rapid,1
"hopefully,",1
amid,1
number,1
out.,1
pumping,1
50.6,1
“contain”,1
aging,1
deal.),1
imprisonment,1
(The,1
“There,1
views,1
Snyder,1
"lobster,",1
They,1
xenophobic,1
bled,1
Students,1
‘sacrificing,1
dissolve,1
"irreversible,",1
labor,1
frank,1
We,1
workers.,1
investigation,1
Winston,1
that's,1
purchases,1
quite,1
ease,1
"liberties,",1
aggressive,1
every,1
author,1
embolden,1
unless,1
debate,1
abroad.,1
"competitive,",1
organization,1
"disagreement""",1
1037,1
Sichuan,1
meddling,1
resist,1
borders,1
great,1
"up,",1
US”,1
Anglophiles,1
doubt,1
"smaller,",1
remains,1
infrastructure,1
University,1
ought,1
declined,1
extend,1
pursued,1
isolate,1
Absorb,1
"hierarchy,",1
"arrive,”",1
subsidizing,1
scene.,1
"PMI,",1
feeling,1
stepped,1
terms.,1
that.,1
Looking,1
“Why,1
order,1
left,1
impoverished,1
scoffed,1
"enmity,",1
"""babies",1
crisis.,1
taking,1
drop,1
conflict.,1
"counterproductive,”",1
decades,1
continuing,1
"Moscow,",1
heroism,1
conspiracy,1
leverage,1
theories,1
view,1
25%,1
mature,1
"administration,”",1
Composite,1
White,1
commerce,1
exporters,1
throughout,1
To,1
"people,",1
embraced,1
"too,",1
resilient,1
bear,1
life.”,1
lots,1
"continued,",1
"capital,",1
"groups,",1
underestimate,1
"concerned,",1
"agreement,",1
“took,1
dealing,1
Des,1
heat,1
August,1
transform,1
prospects,1
“While,1
States.”,1
Daily,1
exits,1
Empire,1
“U.S.-initiated,1
option.,1
gives,1
estimate,1
share,1
science,1
Lighthizer,1
sign,1
Putinism’s,1
steer,1
war-fighting,1
urging,1
CNN,1
“a,1
age,1
eating,1
assiduously?,1
afford,1
Larry,1
souring,1
deal:,1
interest.,1
ameliorate,1
earlier,1
"state,",1
Strike,1
"argument,",1
“misguided,1
enduring.,1
targeting,1
moving,1
hand.,1
theft,1
card,1
“Americans,1
There,1
"broadly,",1
unaware,1
Gone,1
China's,1
investment,1
village,1
“Utterly,1
perception,1
"Zhong,",1
households,1
campuses,1
"month,",1
female,1
inclusive,1
Medicare,1
"guide,",1
Deep,1
helping,1
“war,1
place,1
"""great",1
His,1
"Sunday,",1
liberty.,1
clients,1
sells,1
nondiscriminatory,1
"1,",1
press?”,1
Institution,1
year—a,1
university,1
adopt,1
German,1
good,1
devalued,1
Act,1
fitting,1
regret,1
everything,1
scandal”:,1
Washington.,1
president's,1
report,1
conservatism,1
money-raising,1
effects.,1
running,1
argue.,1
decided,1
meeting,1
similarly,1
Canada.,1
operatives,1
‘What’s,1
vital,1
solidarity,1
shifted,1
below,1
"Fund,",1
Richard,1
3.7%—its,1
Other,1
high,1
connivance,1
atmosphere,1
levying,1
dominance,1
center,1
way.,1
North,1
turnout,1
came,1
"market,",1
ties,1
dawn,1
sovereignty,1
killed,1
1900s,1
France,1
"""They",1
forcing,1
hopes,1
Law,1
identities—one,1
SHAN,1
unambiguous,1
Depression,1
indictment,1
responded,1
entered,1
disposal”,1
target,1
upper,1
province.,1
MINISTER,1
"cleavages,",1
companies’,1
kneeling,1
designed,1
economy’,1
characterized,1
posits,1
Canada—now,1
Comprehensive,1
certainly,1
unyielding,1
difference,1
safest,1
term.,1
crusade,1
anticipate,1
heats,1
ascendancy,1
agreement.,1
well.,1
shown,1
Treats,1
paper,1
Timothy,1
release,1
"province,",1
week,1
case,1
faring,1
possible,1
China-US,1
result.,1
"Specifically,",1
grounds,1
"battle,",1
elites.”,1
formation,1
escalation,1
according,1
More,1
dependence,1
"students,",1
establish,1
asked.,1
example,1
"high,",1
absence,1
presidential,1
"now,",1
beating,1
GMT,1
least,1
"approach,",1
"multilateral,",1
"day,",1
negotiations,1
"perversion,",1
law,1
"""fundamental",1
designs.,1
Action,1
practices,1
rate,1
"fate,’",1
"far,",1
"negotiate,""",1
faith,1
"good,",1
gone,1
notify,1
wouldn't,1
little,1
"Bernes,",1
within.,1
points,1
January,1
commence,1
Shanghai,1
"car,”",1
director,1
identified,1
improve,1
article,1
"endure?""",1
research,1
prestige,1
crucial,1
promised,1
hysterical,1
blamed,1
regions,1
COMMERCE,1
play,1
impacts,1
"sensibilities,",1
differences,1
midst,1
litany,1
worsening,1
determination,1
heads,1
extent,1
others,1
Andrew,1
rank,1
totalitarianisms,1
expense,1
obtained,1
"Huntington,",1
fight,1
"ruthless,",1
"president,”",1
Monetary,1
"unprofessional,",1
entail,1
namely,1
Shortly,1
yesterday,1
vowed,1
loss,1
Shan,1
"it,",1
character,1
WTO,1
confront,1
perfect,1
drift,1
far.,1
lived,1
OCT,1
"of,”",1
her,1
brand-new,1
laws,1
Aires,1
idea,1
multinationals,1
understandable.,1
"deal""",1
"rival,",1
products.,1
coherence,1
pointed,1
visit,1
socialists,1
cater,1
showing,1
owns,1
"pecans,",1
clashes,1
complaint,1
biggest,1
"policies,",1
one’s,1
keeping,1
sodomy.”,1
firms.,1
asks,1
twilight,1
interpretation,1
it’s,1
congressional,1
speech.,1
deterioration,1
locked,1
"stock,”",1
rips,1
punish,1
"Defense,",1
turns,1
“ineffective,1
depend,1
‘Insult’,1
bullying,1
warnings,1
"right,",1
(CNN)President,1
inside,1
ardent,1
"taken.""",1
attitude,1
gauge,1
illegal,1
Since,1
low-cost,1
"this—deleveraging,",1
“other.”,1
"leadership,",1
citizenship.,1
deftness,1
“Thucydides,1
judgment,1
life”:,1
stupid,1
"Borak,",1
wave,1
together,1
regime,1
due,1
peer-to-peer,1
distinguished,1
necessary,1
Eastern,1
authoritarianism,1
narrow,1
fate”,1
grow,1
published,1
Council,1
"him,",1
industrialists,1
Back,1
People,1
minister,1
deliberately,1
intensify,1
horns,1
admirers,1
"Index,",1
foil.,1
argued,1
"country,’",1
‘Medicare,1
Tucked,1
"extraction,",1
realized,1
united,1
eras.,1
reeled,1
experiencing,1
cautiously,1
Register,1
Even,1
"change,",1
Rush,1
ratcheting,1
adversary.,1
condominium.,1
kind,1
friend.,1
effects,1
ravaged,1
tool,1
Vice-President,1
After,1
"Mnuchin,",1
prompted,1
acronym—shows,1
cave,1
"soft,",1
Trumpism,1
$250,1
"bursts,”",1
Union’s,1
"republic,",1
cooperation,1
event,1
"bloc,",1
saw,1
NATO-style,1
revised,1
RMB,1
regulations,1
increasingly,1
signs.,1
Harvard,1
actions,1
"1997,",1
offered,1
month.,1
threatening,1
meddling?,1
currency,1
All’,1
inflammatory,1
payments,1
speaks,1
sought,1
promoter,1
Many,1
politicians.,1
[renminbi],1
restart,1
immediately,1
rules-based,1
information,1
"there""",1
get,1
portrayed,1
"nations,",1
something,1
earnest,1
projects,1
neighbors,1
"traditionalism,",1
Germany,1
November.,1
1990s,1
address.,1
indication,1
detailing,1
confused,1
"currency,",1
Group,1
administered,1
wouldn’t,1
many.,1
Indonesia.,1
partisan,1
start,1
superpower,1
impact,1
afraid,1
ratio,1
end.,1
blinding,1
"owner,",1
Plan,1
"Google,",1
Golden,1
western,1
“they,1
stated,1
ugly,1
"performance,",1
generation,1
Republicans,1
“insults”,1
several,1
looking,1
threaten,1
Doshi,1
grievances,1
male,1
“other”,1
getting,1
continued?,1
‘Cold,1
represents,1
latest,1
tough,1
decisive,1
really,1
played,1
"Alphabet,",1
argue,1
listening,1
it?,1
family.,1
Britain,1
regardless,1
"pinch,",1
According,1
“to,1
upset,1
“hardliners”,1
reputation,1
it.,1
"and,",1
small,1
denounce,1
Bloomberg,1
'How,1
reform,1
losses.”,1
Elizabeth,1
Nationalist,1
"China,”",1
“mutual,1
chose,1
they’re,1
define,1
"""wrong",1
promote,1
‘there’s,1
"power,",1
Kavanaugh,1
widely,1
lowest,1
war.”,1
"freedom,",1
Needless,1
somewhat,1
“stinging”,1
citing,1
wielding,1
opinions,1
six,1
demands—have,1
warns,1
later,1
Steven,1
D.,1
Brookings,1
"Online,",1
"products,",1
Sir,1
chains,1
returned,1
"rivalry,",1
adjustments,1
5,1
slumped,1
progressives,1
“We,1
Senator,1
choice.,1
populists,1
limited,1
overseas,1
weapon,1
‘Why,1
"public,'”",1
Sino-US,1
culture,1
nebulous,1
left—each,1
Managers,1
"avoided,""",1
meddling.,1
"antiliberalism,",1
private,1
Central,1
US$31.05,1
families,1
cultural,1
Republican,1
condemn,1
"visitors,",1
July,1
timing,1
painful,1
2017.,1
fear,1
democracy,1
gains,1
don’t,1
"hegemon,",1
"vein,",1
official,1
HuangOctober,1
bitterly,1
announced,1
"or,",1
international,1
suggesting,1
industries,1
Department,1
measures,1
shallow,1
positioned,1
effectively,1
steal,1
white,1
Refugees,1
justify,1
Perhaps,1
"""non-market",1
"disputes.""",1
sow,1
Guardian,1
"Trap,”",1
concluded,1
securities,1
1,1
therefore,1
bad,1
"kleptocracy,",1
despite,1
faces,1
annual,1
"crackdown,",1
various,1
front.,1
well,1
makes,1
shored,1
Moines,1
piece,1
"sadly,",1
approval,1
understanding,1
endure?',1
ruling,1
"holiday,",1
backing,1
optimistic,1
disengage,1
intensifies,1
ad,1
$110,1
"cosmopolitanism,",1
it'll,1
oneself’,1
“non-market”,1
"exports,",1
“new,1
collaboratively,1
Economists,1
confrontational,1
bring,1
revamped,1
"short,",1
complaints,1
trust”,1
"say,",1
believed,1
is.”,1
Christine,1
"basis,",1
enemies,1
"companies,",1
brief,1
weakening,1
market’s,1
leader,1
time?’,1
Oct,1
"Hunter,",1
cut,1
"liberalism,",1
"powers,",1
usually,1
slim.,1
superpowers.,1
Muslims,1
propaganda,1
heartland.,1
Edward,1
reflection,1
putting,1
accuses,1
lend,1
enter,1
face,1
daily,1
level,1
Relations.,1
"infrastructure,",1
sophistication,1
them.,1
"(Oct.7),",1
Curtain,1
represented,1
BAZO,1
violent,1
"elections,",1
platform,1
weekend,1
"2000s,",1
companies,1
"champion,",1
"economy,",1
rejection,1
religious,1
introduce,1
comes,1
November,1
BY,1
dangerous,1
pump,1
wanted,1
founding,1
War,1
ambitions.,1
Buenos,1
decades.,1
"""That's",1
third,1
innocence:,1
"suspect,",1
REUTERS,1
utterly,1
ones.,1
growing,1
unwilling,1
Everyone,1
"States,",1
"rivals,",1
contrast:,1
issues,1
committed,1
“U-turn”,1
rethink,1
posted,1
Communist,1
"however,",1
social,1
stable,1
details,1
enjoy,1
policy—it,1
protecting,1
incite,1
round,1
mobilize,1
"inauguration,",1
stocks,1
"property.""",1
Elite,1
liquidity,1
Donna,1
stage,1
10.,1
sexual,1
presented,1
shouldn't,1
"society,”",1
disentangling,1
antitrade,1
strength,1
Echo,1
human,1
driving,1
“Russian,1
Free,1
proved,1
Fantasy,1
reports,1
giant,1
expected,1
Yi.,1
"Alden,",1
graver,1
"economy,""",1
operations,1
explicitly,1
endeavours,1
southwestern,1
escalated.,1
ever,1
worrying.,1
voting,1
"“other,”",1
distraction,1
light,1
became,1
banks,1
concerns.,1
Fight,1
suffered,1
unsavory,1
comments,1
is:,1
perfectly,1
appeals,1
single-day,1
retaliation,1
"circles,",1
Details,1
uncompromising,1
Should,1
stealing,1
risibly,1
strengthen,1
familiar,1
'Coalition,1
Reagan,1
rule,1
renegotiated,1
requesting,1
My,1
lending,1
Prospects,1
tougher,1
US$60,1
main,1
announcing,1
call,1
fail,1
along,1
affairs,1
this:,1
"envoy,",1
fact,1
“the,1
noted.,1
silence,1
economist,1
"home,",1
Stocks,1
expansionist,1
review,1
considered,1
Over,1
Economics,1
Trap,1
8,1
ongoing,1
me.,1
willing',1
signs,1
Schools,1
similar,1
“we’ve,1
insistence,1
"policy,",1
remarks,1
Eurasia.,1
relatively,1
"Germanophiles,",1
do.,1
wrote.,1
Some,1
doesn't,1
necessities.,1
projects.,1
Centre,1
deliver,1
replace,1
"workforce,",1
unfounded,1
theory,1
enemy.,1
wisdom,1
new.,1
includes,1
reserve,1
repression,1
warning,1
"friend,",1
months.,1
"Snacks,",1
"idea,",1
evidenced,1
"enemy,",1
Great,1
how’s,1
bankers,1
pure,1
changed,1
opposing,1
mutual,1
fundamental,1
War”,1
safety,1
rooted,1
Organization],1
equality.,1
record,1
Thomas,1
analysts,1
administration's,1
"""I'm",1
October,1
Vow,1
Michigan,1
"countries,",1
"abuses,",1
informational,1
initially,1
"worrying,”",1
larger,1
come,1
bypass,1
Commerce,1
sentiment,1
playing,1
politicians,1
Photo:,1
unscrupulously,1
what’s,1
country’s,1
Neither,1
player,1
Pessimism,1
reverse.”,1
trade.,1
‘being,1
parties,1
Vladimir,1
interests,1
issue,1
government.,1
Can,1
signalling,1
passive-aggressive,1
Treasury,1
no-holds-barred,1
"Europe,”",1
manipulating,1
disciplined,1
combating,1
near,1
commercial,1
decorous.”,1
actions”,1
pact,1
invoked,1
"that,",1
Democrats,1
Samuel,1
"""we",1
amplify,1
"immigrants,",1
mobilizing,1
Emmanuel,1
Conservatism,1
moves,1
US$110,1
temporary,1
supply,1
"statism,",1
almost,1
debates,1
extraordinary,1
additional,1
interference,1
months?”,1
continue,1
"liberals,",1
Thursday,1
impossible,1
“If,1
"behaviour,”",1
estate,1
studying,1
owner,1
pronounced,1
routine,1
intensifying,1
“I’ve,1
Macron,1
right-wing,1
"pointedly,",1
soybean,1
speed,1
notion,1
mellowed,1
stride.,1
started,1
Threaten,1
Rival?,1
ties?,1
goose,1
Others,1
"Kudlow,",1
"base,",1
possibly,1
bright.,1
pattern,1
commonly,1
comply,1
"going,",1
September,1
tyranny,1
choosing,1
filled,1
Americans’,1
bilateral,1
post-Soviet,1
20th,1
explicit,1
"""And",1
negotiating,1
Williams,1
reverberate,1
deranged,1
note,1
harder,1
turn,1
partners.,1
Way,1
home,1
"essence,",1
influenced,1
say,1
US:,1
conditions.,1
"Pompeo,",1
These,1
inform,1
she’s,1
produce,1
Ronald,1
"Instead,",1
class,1
